Unnamed: 0	REGION	POS	REF	ALT	REF_DP	REF_RV	REF_QUAL	ALT_DP	ALT_RV	ALT_QUAL	ALT_FREQ	TOTAL_DP	PVAL	PASS	GFF_FEATURE	REF_CODON	REF_AA	ALT_CODON	ALT_AA	POS_AA	sample	gene
2	H1_HA_H1	515	g	A	579	261	36	87	44	39	0.130631	666	8.42519e-30	True		gga	G	gAa	E	172.0	H1	HA
72	H1_NP	389	c	A	704	347	34	42	20	34	0.0563003	746	2.15866e-14	True		act	T	aAt	N	130.0	H1	NP
137	H1_NP	928	a	G	728	365	39	43	21	29	0.0557717	771	9.2534e-08	True		agc	S	Ggc	G	310.0	H1	NP
196	H1_PA	885	g	A	244	125	34	53	27	39	0.178451	297	3.6407500000000003e-19	True		ccg	P	ccA	P	295.0	H1	PA
248	H1_PA	1738	g	A	318	162	38	60	31	41	0.15873	378	7.61749e-21	True		gaa	E	Aaa	K	580.0	H1	PA
253	H1_PA	1771	c	T	385	198	40	91	46	39	0.191176	476	1.46788e-31	True		cag	Q	Tag	*	591.0	H1	PA
260	H1_PA	1928	a	G	577	347	38	39	19	37	0.0633117	616	2.32713e-14	True		aaa	K	aGa	R	643.0	H1	PA
269	H1_PB2	690	a	G	443	218	40	41	16	39	0.0847107	484	4.81364e-14	True		gaa	E	gaG	E	230.0	H1	PB2
330	H1_PB2	1447	a	G	570	298	37	81	46	36	0.124424	651	8.11424e-28	True		aca	T	Gca	A	483.0	H1	PB2
383	H1_PB2	1940	t	C	719	392	36	86	55	34	0.1067	806	1.67145e-31	True		ata	I	aCa	T	647.0	H1	PB2
6	A1_NP	936	g	T	75904	37894	39	11915	6036	40	0.135623	87854	0.0	True		gtg	V	gtT	V	312.0	A1	NP
58	A1_NP	1184	a	G	75416	38591	35	10145	5134	33	0.118568	85563	0.0	True		aac	N	aGc	S	395.0	A1	NP
121	A1_PA	1771	t	C	22201	10933	39	6108	2958	40	0.215526	28340	0.0	True		tag	*	Cag	Q	591.0	A1	PA
128	A1_PB1	2256	g	A	3343	1655	37	619	294	42	0.156234	3962	8.97891e-209	True		gag	E	gaA	E	752.0	A1	PB1
133	A1_PB2	1106	g	A	13993	7046	33	1927	923	38	0.121043	15920	0.0	True		agg	R	aAg	K	369.0	A1	PB2
192	A1_PB2	1447	a	G	18221	9150	37	2683	1514	38	0.128343	20905	0.0	True		aca	T	Gca	A	483.0	A1	PB2
7	A4_NS	139	g	A	59966	29350	40	3918	1927	39	0.061329	63885	0.0	True		ggc	G	Agc	S	47.0	A4	NS
78	A4_NS	313	c	A	56509	26899	38	6363	3158	40	0.101167	62896	0.0	True		ctc	L	Atc	I	105.0	A4	NS
157	A4_PB2	1447	a	G	11496	5817	37	1731	992	38	0.130839	13230	0.0	True		aca	T	Gca	A	483.0	A4	PB2
210	A4_PB2	1782	g	A	12619	6521	36	1391	749	37	0.0992508	14015	0.0	True		ggg	G	ggA	G	594.0	A4	PB2
215	A4_PB2	1940	t	C	13191	6764	37	7409	3477	35	0.359625	20602	0.0	True		ata	I	aCa	T	647.0	A4	PB2
2	A3_HA_H1	515	g	A	24670	12003	36	21098	10514	38	0.460967	45769	0.0	True		gga	G	gAa	E	172.0	A3	HA
74	A3_NS	544	g	A	104475	55795	37	11438	5713	43	0.0986655	115927	0.0	True		gtc	V	Atc	I	182.0	A3	NS
147	A3_PB2	1447	a	G	33115	16760	38	6134	3400	39	0.156268	39253	0.0	True		aca	T	Gca	A	483.0	A3	PB2
201	A3_N_N1	234	g	A	48854	24099	39	29380	15008	40	0.37553	78236	0.0	True		cag	Q	caA	Q	78.0	A3	NA.
272	A3_N_N1	1044	g	A	50827	25592	43	29317	14964	45	0.365726	80161	0.0	True		ggg	G	ggA	G	348.0	A3	NA.
6	A2_NP	696	a	G	34492	17477	40	9630	4716	35	0.218224	44129	0.0	True		aca	T	acG	T	232.0	A2	NP
65	A2_NS	788	c	T	54243	26797	41	4133	2029	41	0.0707996	58376	0.0	True		act	T	aTt	I	263.0	A2	NS
122	A2_PB1	571	g	A	183	76	32	183	67	33	0.498638	367	2.71339e-77	True		gta	V	Ata	I	191.0	A2	PB1
192	A2_PB2	1447	a	G	8365	4208	38	2299	1285	38	0.215545	10666	0.0	True		aca	T	Gca	A	483.0	A2	PB2
2	A5_HA_H1	515	g	A	58387	28198	36	45512	22733	38	0.438024	103903	0.0	True		gga	G	gAa	E	172.0	A5	HA
69	A5_HA_H1	940	c	T	98622	50158	37	16546	8450	40	0.143666	115170	0.0	True		ccc	P	Tcc	S	314.0	A5	HA
132	A5_PB2	816	g	T	49690	25009	37	6773	3494	39	0.119914	56482	0.0	True		gtg	V	gtT	V	272.0	A5	PB2
187	A5_PB2	1447	a	G	60460	30801	37	6940	3859	38	0.102949	67412	0.0	True		aca	T	Gca	A	483.0	A5	PB2
239	A5_PB2	1982	c	A	65922	33843	41	7442	3928	42	0.101434	73368	0.0	True		aca	T	aAa	K	661.0	A5	PB2
